{
  "days": 20,
  "rows": 160,
  "share_beta_positive": 0.575,
  "mean_r2": 0.003656359201495185,
  "corr_beta_mean_depth": 0.1379010461467176
}